mode,run,client_ms,server_ms,client_fingerprint,server_fingerprint,fingerprints_match
x25519,1,2.283,0.556,7767139c28898ec7,7767139c28898ec7,True
x25519,2,1.599,0.344,fca6cef0a97f87f7,fca6cef0a97f87f7,True
x25519,3,0.519,0.647,b226f32dd2e6ca4d,b226f32dd2e6ca4d,True
x25519,4,0.45,0.503,eb3236de8ca5f796,eb3236de8ca5f796,True
x25519,5,2.018,0.454,e6f03768bd7494db,e6f03768bd7494db,True
x25519,6,2.592,0.717,e3a1d4098960ff40,e3a1d4098960ff40,True
x25519,7,2.88,0.799,bf6a1fcb917e7f18,bf6a1fcb917e7f18,True
x25519,8,1.444,0.322,ddde21b9d7830d86,ddde21b9d7830d86,True
x25519,9,2.181,0.527,bd131274f72373a0,bd131274f72373a0,True
x25519,10,1.577,0.313,ea7c78b2d76fa574,ea7c78b2d76fa574,True
x25519,11,2.297,0.631,0c6ab7c52beff145,0c6ab7c52beff145,True
x25519,12,2.18,0.518,3a3e1cabcb04c3c6,3a3e1cabcb04c3c6,True
x25519,13,0.605,0.553,e902155c7c06d1f7,e902155c7c06d1f7,True
x25519,14,0.624,0.718,d2281d59e36f6195,d2281d59e36f6195,True
x25519,15,2.29,0.622,cc6cbd5cc3af1f13,cc6cbd5cc3af1f13,True
x25519,16,2.042,0.488,0efc761da017bb3d,0efc761da017bb3d,True
x25519,17,1.003,0.627,95194a003bad18fb,95194a003bad18fb,True
x25519,18,1.446,0.324,639b66519e7fb093,639b66519e7fb093,True
x25519,19,0.656,0.771,a19fda23ca4046b4,a19fda23ca4046b4,True
x25519,20,0.476,0.5,8c9c6182b12894c2,8c9c6182b12894c2,True
ml_kem,1,7.753,6.754,bef84b611cae24a1,bef84b611cae24a1,True
ml_kem,2,11.265,8.693,529444ef319a2aa8,529444ef319a2aa8,True
ml_kem,3,7.371,7.187,3ea23ed6f919e4eb,3ea23ed6f919e4eb,True
ml_kem,4,11.821,9.642,4cd8c11f4b2f01ca,4cd8c11f4b2f01ca,True
ml_kem,5,9.264,7.466,6e9e0991dc704a8b,6e9e0991dc704a8b,True
ml_kem,6,9.446,7.432,e297849a9be14358,e297849a9be14358,True
ml_kem,7,10.769,8.425,d06d67f3756ed1a1,d06d67f3756ed1a1,True
ml_kem,8,8.101,7.988,8c41cd34029aed98,8c41cd34029aed98,True
ml_kem,9,5.771,5.132,3c85acd2e18fa754,3c85acd2e18fa754,True
ml_kem,10,6.447,6.292,385a1becd444a6b4,385a1becd444a6b4,True
ml_kem,11,9.514,7.735,a8744daf6493631f,a8744daf6493631f,True
ml_kem,12,9.276,9.002,961568b59033c7ca,961568b59033c7ca,True
ml_kem,13,11.577,9.726,bcdfae2fe3bc0733,bcdfae2fe3bc0733,True
ml_kem,14,8.074,6.067,7e6e81bf4aa3743d,7e6e81bf4aa3743d,True
ml_kem,15,8.573,8.417,7855d78cb06ceb01,7855d78cb06ceb01,True
ml_kem,16,4.892,3.754,b7b46eb986d3ba27,b7b46eb986d3ba27,True
ml_kem,17,3.636,3.606,3ab76cdcf7849aa2,3ab76cdcf7849aa2,True
ml_kem,18,6.878,6.855,046c8c43afe3e5e3,046c8c43afe3e5e3,True
ml_kem,19,9.558,7.537,e01978512ca6caef,e01978512ca6caef,True
ml_kem,20,8.648,6.794,39ffabe6bcdd669a,39ffabe6bcdd669a,True
hybrid_seq,1,47.507,47.974,9ebd728b2a939b13,9ebd728b2a939b13,True
hybrid_seq,2,45.101,45.865,6cb86bb3ac38b6bc,6cb86bb3ac38b6bc,True
hybrid_seq,3,127.366,129.821,d0d7a2a80065d589,d0d7a2a80065d589,True
hybrid_seq,4,44.483,44.982,52a182596905207a,52a182596905207a,True
hybrid_seq,5,58.13,58.902,2b8bc4a842c55fed,2b8bc4a842c55fed,True
hybrid_seq,6,42.393,42.892,e37dee412bf8ef2d,e37dee412bf8ef2d,True
hybrid_seq,7,48.574,49.085,5be5133adf4b6c44,5be5133adf4b6c44,True
hybrid_seq,8,44.607,45.601,4d97afe8b7920444,4d97afe8b7920444,True
hybrid_seq,9,45.541,46.599,d6578048cf8f68b7,d6578048cf8f68b7,True
hybrid_seq,10,52.958,53.361,3b1e3072a4b9a640,3b1e3072a4b9a640,True
hybrid_seq,11,48.109,48.641,a04345327d4c5a2f,a04345327d4c5a2f,True
hybrid_seq,12,48.248,48.925,8f80562881d5f34e,8f80562881d5f34e,True
hybrid_seq,13,54.745,55.81,f31abac5fbd17a1d,f31abac5fbd17a1d,True
hybrid_seq,14,50.74,52.971,315f7d2f59386891,315f7d2f59386891,True
hybrid_seq,15,48.264,48.753,b4d479bfc2471566,b4d479bfc2471566,True
hybrid_seq,16,46.325,46.948,f98f0c9a7125add7,f98f0c9a7125add7,True
hybrid_seq,17,43.169,43.657,d1df058f057bf9e6,d1df058f057bf9e6,True
hybrid_seq,18,60.827,60.989,91722e45fa804199,91722e45fa804199,True
hybrid_seq,19,91.548,91.791,5f7e0a0e0026fccf,5f7e0a0e0026fccf,True
hybrid_seq,20,62.537,62.721,e4f4b5464b8284f4,e4f4b5464b8284f4,True
hybrid_par,1,5.206,6.792,f5aa679402c5ea8e,f5aa679402c5ea8e,True
hybrid_par,2,6.777,9.214,9e6ce47bc05768b8,9e6ce47bc05768b8,True
hybrid_par,3,6.114,8.491,5e612a6ba363cf5e,5e612a6ba363cf5e,True
hybrid_par,4,6.052,6.253,bd18c99780abdcfc,bd18c99780abdcfc,True
hybrid_par,5,5.379,7.074,c98356e4d9e09848,c98356e4d9e09848,True
hybrid_par,6,5.013,6.687,9c3e2f0d9b3de70f,9c3e2f0d9b3de70f,True
hybrid_par,7,13.31,16.731,45d48b011ab6f89c,45d48b011ab6f89c,True
hybrid_par,8,5.356,6.937,cacf44205c685e8f,cacf44205c685e8f,True
hybrid_par,9,5.781,7.418,034f9f13a01e21ee,034f9f13a01e21ee,True
hybrid_par,10,10.848,13.25,3814ed22c88f3e26,3814ed22c88f3e26,True
hybrid_par,11,12.264,12.484,3378f83c416b706f,3378f83c416b706f,True
hybrid_par,12,5.48,7.06,dfe5c7cff54a2670,dfe5c7cff54a2670,True
hybrid_par,13,14.796,17.306,48b206e3fe79fc40,48b206e3fe79fc40,True
hybrid_par,14,14.412,16.376,2a8983c3643ca275,2a8983c3643ca275,True
hybrid_par,15,14.823,14.723,43153a5d39fd8b91,43153a5d39fd8b91,True
hybrid_par,16,18.41,18.648,a4c22de05cce180b,a4c22de05cce180b,True
hybrid_par,17,13.844,14.355,0d16d7c3094d9419,0d16d7c3094d9419,True
hybrid_par,18,11.415,11.357,cb4db96f2fb1c0d5,cb4db96f2fb1c0d5,True
hybrid_par,19,14.51,16.77,f8d9e5e5a95096c2,f8d9e5e5a95096c2,True
hybrid_par,20,15.567,17.846,52250196a751599d,52250196a751599d,True
